user_id,community
h-8oJ5xuiM0KX_9xLmK22w,0
jkcv1IRBsbAHO_n0sgQwrA,1
OtLw_rFdk27Y8e-s3C-Kdw,2
4BZkZUKb8Tl8ffkdwMJdrw,3
lyejrOLm78TBAOdbAGUNPA,4
EKyOrB8C6GF5KzOukgJNOA,5
u6eBuSqrDtqzMRQy3ENB1g,6
drx6kp1eei7s2aCf9Af8Pw,31
1D5EQITb4hOzPMZT8gDPQQ,1
BBmvfEJUuo8i7ppwZYA3Cg,1
om5ZiponkpRqUNa3pVPiRg,3
1bpJtknv3MmXhiIUBQrmXg,5
lU_aNRWw8edBmIi5_NARmg,3
BgHSuax4mn-Ya1CBDhWR0Q,3
xhhE0txKwQtRzgQVVdKkvg,8
IU1E928cGcfrd-0LluzGew,9
1i_8KFnsNHCkATWh7Boebw,10
dVEgH9V8Gw-wmyLg1d8Rjw,25
LJZqmIdjDDZAIKGiJMT8-Q,12
SoszSawtbe65RinRQ99D5A,5
NDU6IT5Ucpx2PbK6OTvo3g,13
M5fiiFQBPshOH3vZ6WhBSg,14
Hk_2dVjcY5L42D8qYTkl8A,15
Vw3xPuB7er9Un3zfPHB69g,16
8YmOEotCLyRJtltuDyq2qA,17
TPud4fp17SD-hynxUhaGnA,18
LtxKSJhxgLPVOClsLNDJHQ,19
LimgPcOm3o0ZgejQMpcrJQ,1
n8LhRTfUCtRHlp_hH2cZaQ,2
2H796NsxLObZmp3x-DcjCA,13
f01YwuqGumkoz__J-bbsJg,20
PUae25RpLHQyMYISMlulGg,3
6IYHNjQbmjAlWi3U14EgzA,3
sX6uVdCaAofH4miqbO4oFw,15
Mm-aY98KNbzOlsc9qUmh9A,8
kVbpbQvuECx0pU3uo9wtkw,22
ZJOjtURcJUgAUI5fSJ9r8A,19
wT7Ha4zrd9yWVCIGeY0Chw,23
sip_xNt4-6y70S6MVxDACA,24
WLF2kfmMUyEDSwF1BYfN2Q,28
JXYTD_UHCEUOiCbmc4Y5dw,4
Qf8vF0q5lWwpIoIPmSxPIw,6
pk3zfB4ejUC1-zkxqWat4g,10
SWvK6qDNqgl_Jsqe3dJ3lA,14
5wDHeWFHNYpFLiu1jt2pug,0
PaAtdxE4o_jZoWYp58YPPA,19
kjZtjQkguETdO6etSfTc0g,3
M7h3ZRLfL-SZkTA5tR0Exw,5
_vSVql2EYBv3oSjeL3AjeA,23
d69986KNTF4vWP9j5eM_gQ,28
ii4oRVV5_FxdykwUpHNBNg,19
87HXuFq4g8A6EAJx6nbIOQ,8
fIjEpbFQYIe5_Uuc-e98Bg,4
F15B7mVThKsFWMwaZKLzQg,1
qxqJRxvUAYZAjk0P7Rkgig,19
S_VUtqoT9eHYrcb4qTVdIw,27
wzPqq7YumCD0BAD5EfZtmA,6
sLIn9oBM0aw9q2R9G1oCew,28
qK1gByZ_7xWgQngg_kJfiA,10
WlWgl1aWl-8wGZYUncV-2A,4
b1Iu7lgKqMB6i-6-bXjmfQ,3
ZJW3ET1ovDzLg-ebPuW3Ug,23
K1O0efH7BmESfIkY2xD9qQ,5
2FI2e3ChY0QCzKEHsIE1SA,5
jgbP94diIgc2Zhx2wKZnEw,8
EHJ9U5M8yYeZLwVK_53DNw,2
fJrsYpbKToqppgPcVeTbAA,3
AC0IrXQSP0oddRcf8lMMYA,9
7Fs_jPtrI1hEeq1vDwcv6g,15
kFTVUYhIHaFrA6agjaMcHw,25
xhlcoVm3FOKcxZ0phkdO6Q,0
msgoTtHTfRK2onbzYYspmA,29
UR5I5oboRkjVwNjUwFdZPg,30
H4Q_w39G5uBIkHUseMKhpg,1
ZvKVqKJ5AcdEulB5rKlRCg,3
bbo7Ed0Nrfzk9-N8DeBuVA,4
znwODXzidOxJysE_I-Glkg,24
s-u5-fVmGmMU7tL6RhXy8Q,19
ItPu2r5K7NjBdZqGjG21zg,1
FZQXGfmkMASFWq3JnuQZqg,13
Mq8Su0PZC8D4EaJrLJOhYw,3
eI87OFfqDwvTYesO3Po8Fw,5
G39OE6RakR_wKUEmN2UyHg,14
017JpqRIhIWflKPoLPEFxA,31
y4mnM8Rq-natK1TLq-JWWA,29
knIF6V4CnshsZLKitM3FKQ,2
jVaiCNmWOjoI0led5LZuyA,1
xORC5nYXR1AoWmVesH4iOw,5
3UR7KUnxV_JdvV10gOq_SA,5
n-44u62KhwWbzioM6nLdhA,12
Qk3jMHizziXjj7jfwVO1Sw,1
crxCoOqJ7hatSTwbRSsDCg,12
eLWvX35XLF-RIH3hmbiteg,28
fZo5fh2cnbGcVvzT_40u_A,31
_f32w9VFo0lG2HW7ukP8Kg,19
ELfzWgdf64VBLi5z1ECItw,8
kNuZppx6I1vhpeqKpx1HIQ,27
7jkJ6GVYMF1cbI3uNH3MDQ,2
IBW30HFOnA5pYRhSeVPq0w,1
_lbnsz6OlNWcqY_fh1FEXQ,4
4yI61F8Wghwlzq_Y-rAbzA,0
KnCIw8XFrb2vXrba8whg2A,1
IwHLuykqqmGVNHJ_UCwXWg,24
50W6VKW498OCuH2itdEbfw,1
Y98Hz-pVRdGvdbpbHoD4gw,4
RVpMq_kpaliOpmWcUc5LGw,27
r7Ey-lIUndVAn4MYuLIBEA,24
xqvAeGXOtCKd5z3b7kUauA,14
6SK_vCkbIFC8xQ-vSSoK4A,4
eTjEbgprrvN6AjHA7Odt0Q,1
mS13mGAp-axdVQUUk0dxMA,27
eSU_HjKOA3Ppt8oS07oYkw,5
hdfsK4GieaKV5qSTvVzPKA,25
iet1BLErdEeaZOefTQ9RSA,6
mBtj2DZLV4MFRIjK8R7pjg,1
3DEZFU7TtIxLoC0GHKMW6Q,2
HMxg0iKYYSZq3LPbxOV0MA,19
xSOXX9RC1MFDu1_o85p6dA,15
uNxjlgFfthnKAIeaIPunmQ,5
6hROs5UJ9p12sAaJb8BxVg,9
mokk5kVRxCHEZYl9L7S83Q,24
JCapJcvST-rREaLEvNRMcQ,1
m-BZLIIh5PCAKnzH0qj_0Q,8
PPDkDJAC_2FyWdHaewGywA,4
A3WoOKctKKxSvCWoEvL6CA,9
cuTS50xwcpRR8MrBVHSorw,14
QdfwjNecI3K4NgNglOp8ww,6
9XDFZlGs4-QwQx44YODnWQ,9
bkSE0EFuyBNhpV5M4PLyMA,25
TLEoc81yZv614uB5hGqkNw,12
vLAUc9jYgSqDkMIW05dsmQ,5
drui1iMt-TPzJiSkQp5CtA,2
GDspDIjMNmxqJNfGWPM5_A,24
Py1GdHDxA8IYGLkJw-KGtA,3
homGXQMpnvJZL4RzfGcghQ,7
4K4mEl7d5MAu-zcCLCVI-g,5
AlgwaveLYUhPX327TDO3rg,29
w2Hi7tpKrVM0dFOk8U2nCw,32
0dIvVs3PY64bE3PZF-8V8A,14
ZG8F-aef3qrZqo0IB84QfQ,23
gru76BjkRY6UQVcw_yAxiQ,3
lOip-v1hiB3QSIwpRGc3KQ,5
F8uPWwg_-AnyEhNf7nx8pg,1
j0GuiD-i9Xda-BFqQ0wVeQ,20
3mp_NzRpEwCciwUW01RAnQ,0
eAv8E68tQZBqRrmOxkfsvw,1
Io7iu18yGIeExchWaVyUkA,9
qjfMBIZpQT9DDtw_BWCopQ,27
GCIAdXJ7f_h3H0HNOvWJIg,0
iiadyVF8JRuXWgGjt8E74w,14
Lh0ErGFTixDKVS2AQ_AjqQ,3
4oTxbStnWUCA2wkvnIQhdw,8
YkI6Au-sk1cgXL_6vRVsMQ,15
AGraTma9eEgsiJFDIy6tbg,3
opOXJ4fe3sIUhQAFL4lmbA,4
bW1l4Za5M3KVUEkLTXFIaQ,8
T6I02YnaavGN_uDVX1YGww,27
tuN4OIfwwDa-jkJ5nhsZlw,24
QwY_IrZ7Xs4N1ksO6GUBOA,27
djxnI8Ux8ZYQJhiOQkrRhA,1
MSVRmQXlG-R1tklCZAZRAw,19
KkzUYlNIWgQQCj_3HvrPxA,24
u89sWXhUgWiXDTE2EE9rNQ,29
wHqhyRefScxFPYPmSJ6pCA,6
ekZVRa5j5Hl6GaiuSKfOKA,5
uddWmfMhvMYaj3Uog3fMjw,1
DlfTRd3iwTFbRA2mg0DR5g,29
l5Oy-c7Q2Seq-A7K6STTVQ,27
CcetyAp-fF44sYhi4vkgig,13
ELV1fBb1weknhquTyUlTXw,10
ZKITUaWknmVF-tGAvoXEdA,12
MGgWGBHEUkIOc3zc2xTKtQ,16
wb3bfOEHlH5Hpp3AhKKPDw,23
IhOtJUKS4BKgOpzZJElbHg,14
ZtKll2ySQfGftaXqAFe8Zg,5
1NBF0qMsteb9tG7GDm_XRg,25
TDjgxCEc6wJPzTjtGpZu2g,5
1AjG8lRoion60z_1d0DcYg,28
rsDkYvgwivNEKuk53PcksQ,15
TsOXUCj0xutPoikHTZlpcw,6
GiOmyk7vK-b90NpqbuP8qw,23
qCzEamt7PeVviG7zaGQFvw,7
E6uTS2rw2nVEEik98ubc_Q,5
tWfvN5DgNj2-HarMEXGFKg,28
7QHayRitq7dt4A-GFuLdNg,32
CqorA3nRZ2nr0pCpRM8s5g,9
AHpceG7gBudDK8j59wMKjA,16
e1dYw-1Km6IAwXlOLIMAeg,5
w7dWeK2SKc4AJH00pgm8qw,2
8ATa2qznkwgx3ACAT5y0Hw,5
s4_UVDW26t6BAgxJNLHxdg,12
I4EcDh7I3BgW-GNWbGoJjg,2
QK744Ugr47FqboEKfotFcw,19
xd1W5QrUY6Gv067VYsZCtg,12
VlQBrtM6POfwt7aHBAVW4Q,23
WL_CfTYlZe6bLYvj2VhOYA,31
MzwsWDmAysDLbvp1XNJglw,15
mV9gqaFSql9ZE5CkrI46oA,5
w5aRvOmYm1Le2lDi70QMgg,9
qyOHLvfdpbNLPBWeFyQosg,12
O4W8KjGdtDD4UmMGQfgZiQ,25
FH79bierETA44QEW86mx1g,5
hY-C5hrYGYfdZQiX4P87vQ,3
A0t5N-w8ogmnB4Z3elK-Xg,23
nrmotX_OaSNopEgFOWmHAg,32
jV5D8j5_k6Itbp3QlcyPPw,4
SmFmVi6bpmoJO-JA2wDtIQ,10
p5CLQKpsSEfguiZj8x6qAg,6
2UkZKQBZVuroUBKYs9WzeQ,27
SFz75lWEDtdOdRY_nTVrBg,2
aGUZKSRPA-MHHj6b8GhOww,4
boOGEXuJXpZg2ZXRWRBhjg,18
7q4ZzBmdDw4pV12BH1B7gA,24
ga1e9TNG79eYz_2n3NTwYQ,9
f-wjQLYvzGpHCMJq8Hjc0w,4
fBULx2CoymGEKTgNixEjbQ,5
xgNvTTJs4CtLz51Kiw5cbA,27
QWjOLMSjGnC7Bk6RsJxoLw,4
Aj1AqKmeo6Btyl-lRD-yLA,13
dbF1zaSsH00LV1-di86oNg,3
Hb6LUSM-JH5JV5jV3GqVoQ,11
0Og9-GePi2DoqKX36poP9w,16
rQB9BiP9kc3F1ibSbX2Nnw,3
B8b7PMRwhUtkLyiIoEWi_w,14
92HvHlqasHWd7OPmYlscyw,9
5xtdy3DHD2aWH1WhjriASQ,21
wnw91K5aeWL0xDCUm73ARA,16
q0CzJUYq4PpRVcrm2diqlQ,10
NObmoLQ9VoURlZoj0uAv5A,1
aPHADsPiGBLrDgeU6T2-UQ,5
4j9zoyzTr6hrdcneFULJMg,14
3RqYAJfEJDxIpX3xjnCmLw,19
8zdfpS8v_fuiul7Jk1omWA,9
Rw5RFPbHG6YUjXpmz4bd4A,20
2OWMLDkTDKuITUA7SJ55_Q,31
lLkiX4a8Mq0OYcG-dT4WCQ,19
IMwY936vx7sL5RZSm1yQ4g,28
WSjmD3hVdnJ3sKEzrOWrZQ,1
HoiZ9RBtmSxfN9Ly1ghqjg,3
Q1hpv1Oz8CJgo50aK1pLjQ,2
3QzCMHugcEGY7OjMAWvD5g,9
a06g_pO2zRmGQmFlfzTLNw,3
6ImN7CLRvsDnrAx6DF4nIw,4
_QPSif9NOkt-3mRa3hrz0A,5
NtsVSWg45OcFVloar6kMuQ,9
X7iSWCaekeMT9nW87NH_6w,8
vkxKfc-S4X7AvlMSL64ngw,4
juB0tbTIvDv1jMBGxHTnFg,5
DoRCeCcJbrsM2BiAKj3trA,8
6nM4EfRemLm7tMSfj7lq1w,9
NtEcrlxBqos4pQBOMbJszw,12
yo_jQFS9u7V2oBRidsjaqw,12
jujmUXnDFxs-bPLXv-_LmA,19
03spmtIN8vqqtt_VmKPDSg,9
QlKvvrzB3d_4P3yNpZQKjg,27
4xQc__JT1ErLJKFTAjk2Gg,17
XzuGe_Q2b955aZQRHpSjRQ,3
tWuMtQrGwlj9x2q4QVIWKg,12
GJ0JTtivXhNQFKC9JaU3Lw,20
nm3lWcFTnXytipnF3aD5Tg,31
EqXDZ_JNMJsDwwPRb2heMQ,28
G9Vb6yQ047TC3O_-GG4WZA,3
e9kX9NDwzlJOvCvj-5blzw,3
P6BJWFBDrIfb0A2b3JqeTw,3
NLs9ZkBgD8Lsbj2QpoHc6g,4
Fi-c40XeH4QPNDMpKCik9g,16
INKRydqLl9-7GBN8SWXX8w,5
PgwRosdL5EC4j9tyzVUFoQ,27
q_cYc9EJN1fzV7zwzc6MkA,1
-Bd4sqyK2BKG57lfm_yJ-w,30
iWzZ-uV9xEzUIx8uL07efQ,3
Avc_Q2rDswfVgCkFnd-q2Q,20
68UQwVkuf8Rpb2IqIEXAaA,28
hSjX6zEDG3fPPwAoUiUWLA,27
vP1BSFdbuj4MR8bC9ARG8A,5
JqsXm71hGB8Lkz0kTXiV2g,1
L_fdAnrH5Pxi4PqF08_ToA,24
9Bpm1YIWKzOJxqwtofVZ5g,23
O2at6RbqhO9IP8KCXTganQ,2
m7es5bxxKxLDu7h9DkEIUA,24
9hJH-hgevHXwXWNegAANjQ,23
4w5ktuZzKDoy1TzXHb1tqw,29
b7qDvcH9rC9r8iLDiHMlsw,8
t-sZNxG0lBwSrtXKIsUg_A,2
CEIAGs7cJN11026iXALTCQ,0
KsXRmRPR1s9nMZlWstsRfA,18
lIM091QSTUnLU996py2InQ,19
wG9d5TxOKKgbd8O08-kntA,3
4_62d9Lkw7pK9zbb3xFxyQ,1
7HybfIUlhPXVAmFqnSiKtQ,4
X8gZ0VjQTbh1XPF1RjnMcQ,23
BZPycUvKS65gIgftMF9pCQ,8
Alcpl_6pprDujvZhZaktIQ,4
Y4ubovEnbK9oAm2GtZp7Tg,32
zxOm-91xr8x3j8F0j4d7qg,31
Y6PHQds2ZSxMG6yJ8ttmQQ,14
jg5iPSK07L_AAU2t9WJJwQ,28
KARpDQ8K50AKL0Iy6-VCRg,24
pnKET8Us-ORlWLCf5Dj0Wg,1
AV3VPxUtBPBSH2CP4elDBA,5
D5oN1xPmbKrU9PInAxgVwQ,3
hiSkM0f87o3dZrsV_FEnGg,6
6pDCqee5g6jFB402L15kmg,5
zyLIp7DRFqeIE1Grrh3Zng,3
S7vWbVPVZYiASgm2C9kBMA,1
SCX78conILSuKG-s5Nfbxw,29
kNXMRz5pHDuaRqc_-An8VA,1
z4tLo8xnbqV2XF3ss4VxOg,0
1GNCUK9Gkb5HtPjMYdABfw,30
oAwMjWUK9NBeaFUeH7C0tQ,2
iN9QECKd_kYSHZUv8fFgzw,19
ALhWS0e_V1peidcPdjSqoA,29
BnvFhnxSVlcCrS2WuP8mpQ,1
MqY8GTQWWS9fT1o3-ahxTg,19
M79rv2KKQA4cYEoTIBXvoQ,3
stIgmVcLEouAPa-lQyTFzg,27
JsMsIotv2-NPD9uJUWxhKw,18
kOUfmfOwUFtjau-OPF0F9w,19
R0eev-jusXVwpzQO_FPWMw,6
omEZk-E11mhDENCC5DY5hg,15
TOIdnpSvIJxjg43H0eK9yw,7
MtWkuZ30N82h3CsdPrXZuQ,1
dYbIkLXPSXDpq8ZhKSmNeg,1
x6PyZP-3asiZWQOWK3uwvA,6
ja0_UF8iB-dLMzTuRNiMxw,27
Xj0bbJylbeIXEUsVwfOA4g,6
GostoL1nKKsDl5JqVm7MYg,9
jbmiLvkkTYSCbiAdhq6PuA,14
uYI9-f7JrmEDXWYfPeLl8Q,31
lwdbe7MA_gkRSsjULU8sgg,10
UNQb4lBeLUTIIkZTGDpaSw,10
l-1ANFaaR-VsKqQjgeaaWg,7
YSmQwvMzRwhsRhY8NqkpdQ,7
s4q7mMExSsINog6OQ1S7Eg,29
RPrT8-YjQ14aRgJqZ8rHuA,13
cRa3gt2HWTqoWYixYqvAmQ,0
cRbwWpTU1qLboG-EYC54xA,32
GFd9WAzx6kmLVquPzaasxw,5
jFuK7Jdp_X2t3iMdEFxXJQ,6
lZeXSn7NgffbRUM_-CR6tA,3
L90JF_h-3oy4Q60wTnOuvw,5
CvEJxu4gfEeG2FPaJKkD3w,5
-Ub6sTS9u9scC5y_85l8xg,1
Yk-EbHe5oXw1Cwkr48XIUQ,7
es4Wv7n2qyVAgMguriYVEQ,5
TEbgu_2OhbXK_rSJ3RIFCw,3
jEcSGHkE31zEGt7p_8Mbkw,15
E6elxB-t_ip6v4q_-R105w,14
BdswdUF-u4ygiE7_XWfZ2g,4
vF9C7jqC2uPkBfTiecUeuA,3
AGhzA8DFwZhzCCo9awOHWw,1
wxwcXI6UicVMUvfS4tJLYQ,25
yxQFT6tOIAbH6DUP_FpJKg,29
sorYbsGc62VebspNYw7WSA,1
c1fbfRwkUMpH7Nsx95Agrg,6
wQuSqAI0QlT0TWPRLmaqMg,27
YLRpMbcQ-YvTYl7pEVcrwQ,31
tk20BuvLVEFqi3lHdKCaFg,12
EK08GcgNhFDnlR8SrWasLQ,5
UfbfwbvqO_eNTdE1At_Vcw,18
Joc84PIqf70m-dCFhWM0XQ,27
PnIDrpsy-2cK0TaFMRCyXg,4
U71K0R7Vecwh86zBb16jmA,17
0nbLNE-vjQZLsEOSZ7-_6g,3
MEYfikZZm5UvYu1DtIDbfA,27
plIibzqCmO4_yAT0794jFg,5
QAxtbUAE5F9Iik5GtFgwNQ,15
Yi7fjme6PbSNVioG6GF6CA,2
LxioFwP0s4a1E0vHBirZFQ,29
-84GJTrgT_0RD-d8Tkr7xw,29
-0rn-Pp9ZKnk9422CUlOQg,4
NQcgSwiyezS0s981JULeew,6
w9_hH_2AJAPQF4JrpuLiTw,2
x15NJj2E96LgzlifpQ1vEA,12
K8b--ymhsP_8BDAkiY4M_g,1
hVpl7YJ6k8zqLG52jcpRiw,2
P6UHR24AtPE9arH1bf2seQ,16
l81FL_y6WbAE8mN0Fn7XjA,6
UuAk4jHFBCHlgiAFJfubQw,1
9Y29a38FZgCV_SXU0k0j9A,17
3D7WjkF34aKYDg3rAD0ybQ,3
tk0Zyr-mWfgGbZ6CgLyQhw,5
ucFH9zp8U_wwqbVM7XOhxg,3
znLGNDjxHUQKmSYOyqbsqg,28
bDsV-2R4PEfvq7Q8cXHqKg,19
A6hvYV_VP5Kn95rW0pvEgw,0
zhZUuQgsCVL1-_y2qDT7Bw,17
h30_2ogo2xZ-TSvSC-4FPQ,19
b39y_inQloddW6I49gV5AA,31
LQts06Tok1SHn_gKzQmtEA,8
Qhw72W-6XJnvuUtmS7Rdfw,2
zmyQVDnWunD7byoLtvh1Ww,9
cfNBESJuURW0QgV60zMiyg,8
dmU_9N6BrK3SLD9Pd3lUyg,32
yzr5mx3sJbh-f6JIMSYq6w,14
-DmHSb215A2U1imaQTRE-Q,2
uCVdBwAM0LXoiUY0StG4Ww,15
T_oU0Bsa0jvl_Ez64L9KfA,1
ddeqJIm7dFtvSuA-9c5LzA,12
Qu67ZTB0sQd4nkCPaRu5bA,26
EGD7IQGQHlHk6-HV9P6biQ,1
XfhYfi3Mr-p-wEwsSRZaQw,8
lEeZ2ZYjg3E7Sg6CUGEe0w,9
7p1FfxnjZAuNydjLKEW_Yg,8
rNAYmj_IWFo9gUEuCw7wwA,5
c2s8MY14FrRSEF6ehQzrQg,31
nJmHTwfzt7utpAKoprg0ag,24
w9pSGvdwjXf5IPLiw2_c9Q,0
4MNipe--LZ_RcvVmDxjBhA,27
GygJkfl1LBNXJ8c7ECBmkw,17
2qPAgqnADOvTU4ZxVrTBHQ,23
dbEyV0AsIBXUH-RRQDyRiQ,1
ThTUiH1fiRTXDqwH_NZHfg,27
yHqeTeudnnA15n_tUXFWxg,28
dWTrJdEPoZB8LkOPv_jxsA,9
akVV8m8TdYgTrHw1PTsoaA,4
PAoQzxVe5x4hDmsoYoYJMg,9
LYXc1p5VH4ny-KO2-W1_eQ,3
2lZJpC0sxoyYgWiyxEKj0g,5
_yOvMEAE7xErdpHrk_sG5Q,27
4wUHpgj-dkFFx-t-jXPkTA,19
tw_UfR34h9a90PKhVu-WiQ,4
bWKEA4O88Ho1pceSIHSxow,23
FIDPP65G4FxtZfqt5HwWWg,1
iuoacrznSsQamJUTtNGoWw,2
UKSw9kfoBfdatSMUl-jGnA,29
iErOsYqHVUyAM3-P_qNBMg,27
SOxwaKzjGsfDPCGl2WHIdg,5
CGUcvMU8csZfMclXJfU5OA,2
UpIzf1JdGAopo3ZPVAgcuQ,14
lM0rRZjzePa710opSqRfAA,5
ervd7zhFGPzoDuVyAa79bg,2
Ylvfw-4DbzOrPP371IvAlg,3
qfEHJG6-LJSTJBzzhGx_5A,12
ZtE7IE1wD0uZNbs9kwc2jg,12
VXSnpC4XC-0uIw-5z8eRLg,7
eI_Pr0AbXlqcHumZFTSpZQ,29
WesvIcbn3HiBxiPMbWLTjA,0
3Dx8PN8LJjTuQmbwD05RVw,8
9q1Ded-_mZfG_lGH0T-uEQ,5
yXgv-UTwKoeIoyjlB3l5BQ,0
_dxM1SbNoc0x5JqX7mwcYQ,26
tmaklCzmWlVS3QBVzeAWOA,12
pCU0h61iUKX_kXVc9CWO8A,4
hRAQxlsfYH3rYURa6yb__g,29
FXYcMgXb_IL8dVcdS0Gitg,8
gA0RmzfckhODeZRt7TI8eQ,2
ZFbJYntZmNJWYoGBGptaFQ,29
HMSP0mDzNojeCCz1D8v_1Q,1
Htpdw5Ny7Rad5oyS1ma1Cw,9
gIuBKOPlaCI4f90sESjbOg,6
szCpooOs81X9kyPWaVc0cQ,3
nokro3dgDYQJxkELvrqDGg,28
KxRn7pNI8hAdMoxDncZ9ZA,1
QcW60yfQOo5LWL2rHo9lug,19
eQmoN6v1zqE_0g84ihxxFQ,9
D8JswSWcY-fznIm05Y3WZA,3
vdCw46UHN4y5NWR_0iHz8Q,21
ygDDQ0JsHBOGu-JHSV85Lg,27
gXjm2PYdPb1Zn17x6UTLRw,16
2LosNh2aJGz2SgKJIaZuRA,16
HyLWldlBMZ0UZdEeHEDnSQ,27
02iXsCSnNmF5aEOvhvGs0w,9
QjNjVF-ZdWr-P4zUzXwpVA,3
6tEm0m5w0hsCfEyn7JmF2Q,19
4tnd3k-foRbvHLNCHVUEdA,31
cxmXMKIaDgbkpgh3ai-n0A,4
aexlYahba6OUYCPDRXpiRA,4
90N3iibaSz9bxpPaKdkROA,12
UMzVMDf9CVCwbubOnO6Q5A,1
uSfz9oAlCTUqzcFBDDTBRA,27
qolJVR7HE5vbvzQppINCCQ,24
oGPlVjPLj89SjJZ_lW4mfA,1
N0V4xPj7-C8jkyaqq28npg,29
fRKbAq897uRj-2q5L9wsJA,10
5NozER-P32kS8Wyqy6eOpg,28
sQWoXpYcCTF1SMLebzmHbA,2
Go8oKj8TOTbBrY8G0Mbx4g,25
3qvnsZkViEB39uVPAtSW8A,6
R12GCq7XczBpP99KzenLAQ,4
zU9_B8fdyFIRJvXfoFaUgw,0
edCPA-6lvh5wqclDBZPggQ,5
-82VPb8UTl0vEn5GfhLzAA,6
2_xlCnKL0VEOh9xoA8W1Pw,29
uUpJ0OcKxAvREAHRernOOA,19
IkePlgsXkL4Ziqp7uOR48g,32
eE0XndoDAEZ3fnPvER5c8g,1
UUfzaZUu9d4AQYdSG9Gwjg,11
y_I4q_nSSu9mx6Xl2WBSrA,14
TaibKwCzl77Lu3-n7bofMQ,0
uS7j-osoEXu8SMn1ui9BqQ,1
htTYJjdRZtaSsIok2VzC5Q,14
aGHJvZOBsseRY0Jgt7L-Vg,7
KVKC_RExc9MDCOOkOqYkHg,24
ekVhdM5iXVwiS2wkJUqfMw,25
3ndriupXBMuBs_Ejvln83A,1
JtrJalBPeBYz3i-crAgiRQ,28
o4gaI4EdzxJ9Al4houpusw,3
tuCEGwjgVIZuLnXM1udBQQ,28
E-O_7_cFDoBylpJ5KvpTbA,5
4tz2pGk_ey6iA6SPZd1faA,16
oAoUm27V5xEdjlPWQtYE4Q,4
-K9HmCyYCZKbOFKWelPJsg,6
IZITqD9NZ_KMA3OtVbzVJQ,18
AWSb_8Q2uwffIRbIdOO2BA,12
SMRwkklpWGCjIrqwDYCMQQ,16
SIYulDrnS9TbDVIQDlYjIA,19
YXz1LkAJJrJxS50QQ0kAsg,3
ah1CKPgZLO18US9StIg6Gg,19
xJsU3DXQw5Ueq1tkDAVZNQ,13
qaLrs6ZABIW5IQj0aD5Yig,14
MKpN8tL9_GS_whurjB5mrQ,1
V8PIH1cOGuMkpFOLmSJULQ,18
FRoSuqfC5AY0ZWlw1AryIA,19
MSnJAPioDxZ26o_SSlS6_A,31
qwuxRZ1icmog235hDo-iiw,5
Tg5_XvtS6FTHUnBo87Xdmw,12
EYlA_-RGNO3hAa2zuKih4g,6
UJ7LihYpiTUgza2e9Dj6aQ,4
YcDzwFGNxSsI9tvohP9pKQ,7
6yfaMuuwxkKBDqcKlLA-0w,27
uRRi4PvYfzasv4VdWYpB6g,2
puVOqPFjbAK9RFObEcoHWg,4
tSoqvTHmEjOfArqxCEZO8g,3
ZIRiUMTI4Gm2bxvBFpcKIw,27
H8BA5G4139YnjXcXImSFNg,30
9HsUwbHPsASSLyQFR_FfvQ,25
T4A-U7TBmVtez0HTelsfZw,4
2IoVRCaf94kzG3MA1HY8Fw,24
0fUvl-agmx8LXxDITB3UgA,14
N_P2vI_kZaP6Mw3yDz6PPg,3
kRJmJ6MCzSqZayotEBiLfw,31
nkPQ07HgkcbPOcFP51zxGQ,24
SqaLp-06_s_G2dUb2p4Zxw,27
M25dmH49fEG8QMQ7-539zg,26
eg6aNgJZPraj6j7BMTlVeA,3
JGnqasIkGMLfSejt7mw9qQ,2
t2aBQ5fELdKb-qKXZzDQhw,18
wnrHhjDpQk5uLUK7Iku75A,31
M4t5DsLgxStKLEFTIOlvsg,3
F5wz8LrxH5IU3Fwigyro2A,6
S5Z4cXHY0EwQCUh-35q9SQ,4
LDiPNvvBQBE1qJIa9KBuCQ,19
ceetDgxOusVQ_MK3RcMM_g,23
TFwdSSKw3vWJgj0lqqd-iw,8
fgkJ6KUlrmbKyLDQervxsw,8
o5AWy9KpApcoAXYL6UptnQ,8
WLaCTpXXdrFKlUTXDsp6Tg,25
wOowwYjl7ZpxrS1e4hdhUg,28
lyCqASUMhkLq_hSlZSbHtg,28
raMExGW3TcsCnXH9XwnqCw,6
2vwGjs-ZOgggK4hxdKFHxA,28
AjNLBMmtCFNX0KoUghEAeQ,25
LFha-r2VljAzN13YwySTXw,3
kiZ44H-Tn_THgYv8msm9Sw,31
uRaeKKaQH51-M2hG5LX-Cw,6
7uNP8Nz14nlTwFehR71fUg,29
3Z9HX1Dn2QfJLAPtqSfDmg,21
H7oiCmW74KbKxFZ-pgBy7Q,14
kMsX9ZxCfwgjZDEdCDej9Q,19
_fTASLvcJse39FT9iwXCxQ,8
gLRun1GkPqE5ANEdSz4BZw,29
dGND9DDQe5L6Lli2TolF1A,19
D76EFdD5F7XoIIyQmWTQhA,5
-MHGP8-A75-IwwXs8cI9eA,27
NTdooAK4GzIGmpy2bANJ9A,0
kCS4GMOADssD1CFUVZhIUA,12
hvJFnAY2u60g5hadM11Ufg,19
Bd_xu9s_mla60hSagKgNyQ,3
EJUg3NVEeTxYdaFPU5kGGQ,4
rA97zeqOrUYuEM69n0Xn4w,3
uEwGxZpUYmG75GRhT5l-jA,4
hjjYhM95RmMsTFrOgi8vpw,1
3l7OG-S-FebrbvX_d8nFfw,29
Vqgtngey014F0bqj71q0aw,28
wjBcyXcg81TKyewEDkdFRQ,5
ZKt96FxEIHlHojgI4XeyuQ,14
kMPSklg0XL9uYeYUgX2oCg,27
oNZ2l5UW9faqjXjTM9EJ3w,15
glYvMIz34SEc3-mkKSM6uA,28
RnviaBjomu-uy_H_dG83ug,28
NyKFSZALO2r987KWjjkLzA,1
xzpyTFg95-ZId-7l94Cphg,2
mbrIyX2AqIVF5qJcyXMNIA,6
4xcDn4N3KggdxNPuAqR3hA,9
unzw9By-vH4qEiEbwH-SJg,3
0XnAyVu_7fCZuTwAqX8TVg,14
TgDi7g-12zocdG4pKFxUQA,22
_lfIG1PpcZJBvk0Pd19irA,12
YzqU5Coi59s-n6WX4AkSMQ,17
0mKUbIUXOvH0cHcGQ1KGqg,3
QScQIxuQmbJAEz6cx74VxQ,12
Q0W4b5cWFahSCP_hA-d2YQ,2
ISgRyPm3ZEjvESqgOyca3A,16
OnyMGncn6tkVzl1W6AV3DA,7
VzLB-kyyrcUXIfxz9HYJjA,10
QlZSrkydZop8LkhR5yS_Pg,5
e_lO-eIB5etKRBpzwxhC5g,7
Vk5klC9uf1nqNKJAPiy1EQ,22
q1KYOqQXBxAHpFRN1ejjZw,25
ooHhBfHZMDGf1IBpCQaj5Q,3
hyJusnslNlSLflrThs-54w,30
pvNF9ZE-wZwKyDru3DceqA,6
3iuuvf486gNPTq9HQMW4oA,2
Xj3MkNXqnQyEXDrYo3j8qw,27
ZSTbrHTOcTQaf59Qp46EtQ,3
h6UlOSRiEMcDTZT7mSzoSA,29
5GXHirEkt2DUSEqCzrpfuA,27
YIyGnPWNA7rb3hiIgFwb_A,1
0GsoF4WtQATca25Bo6mLow,7
P3eX9VOygsOxKBXZnsMd1A,1
_zZWj0GUmCLjahsWC85P0A,29
ebrStBMCzDU5zDz3Wmcf8g,26
sBeT0EvOijgjjVA41JP4Hw,2
IbXd-pIagszYy5wKBZZMBw,29
uxcUHhNh9TuhkVx9irK0SQ,15
09E5hNzBSjtsK9TdXjDD6Q,30
oRmoaSv38FFRR9HNyrpwcQ,29
eyjhVMPb-jzshQVJ5YB-6g,3
itKDGahIARA2LCcJFsC0Tw,29
qSQ0nB8GdTIl1c4B1GG8YA,2
BTxxGYdw8CNV7UZGc9YU1Q,3
4JTVabGES8R5sOWKPVeoNg,9
3i48mMo0ydcfJd1-7_Iieg,28
caaBfPXpgZiFVgbBQwOQuw,0
yY77W4CAgbA45er1oIFpbw,3
G8nlpoXXpDhrj-BYZpLfQg,13
m1XX1lR3f3a6TFk09IUtTg,18
L348eghGga0xpCfvaxVN8w,6
KY7o9B3MWgknziccE1JeVA,10
4lWQjFGyGQZa61AfdcRr_Q,4
0c86REwH7jy6aQTDETdgqw,16
gWntmKP2MCBgAhdIuMrcUQ,20
gz2sHdR1-rjpAO7avNh2Dw,23
0J63buZkSN6KpDPOwY9Bog,2
xLrlSRTc2OufeOYc4nb-Ag,12
-LKl_XQJkGE0GDrXBjWRlw,31
ZSZ-V3ySiSpjYWYG4VriFA,2
jVfzCIN3SGiOd4OsnXqrAA,18
zi8kjGjB4q0sBD8IWpAodw,3
qlRlFO3flqXAubP2XOg-uw,14
GYRZw92Tu4CQZNuDaeQzSg,5
yU6NK_18CmCtHB7OetPkoQ,8
Ff3tzelMfkB033i8s3yGvg,1
qrem7cB77ZJKMkgEit2G6w,27
noQIzJjLHvrV1C8jgO9RAw,6
cwtyzn9JAFgArNBhdi0SkA,5
f1-YHBpnrh5wMDv9w86h4g,19
OBR3Ny31KnTtwXzEZ1d4rw,14
ANJ-jY5M8k-FKd7kr7x93w,3
F_1_W2gOLsYe60050QxQzw,1
lQTe9AaF___JGJpFdV1IYA,19
KePfOHjZxSM9cRwpvuoeUg,16
Tnc4l3VVGsDOxPLCGelerg,7
9Vfp0Sk-n6RVn0aLhYEwyw,27
dw8Fxml-pgEhkMURM7_SNQ,16
i28paETijEhwXIFThx2kcA,31
zDT4gH7mXP2PUVz6TrSM4A,22
THgPGo8iraI7m9BYBz1Q3w,2
F6WqpBvg8y5vVAFzh3SVsQ,3
DDixXfHOP76lu6FJu1uw_g,19
Bkeotb0pYtN4Hcyr4qQZ6Q,31
mKzNgV2c0ppCD78e0d0C_w,1
UquHjFJFeFO1xd348plecg,22
xYUequ2aqMzq8kjfFMFVPg,29
g9RHp1XG0WSEbz6k9efrZQ,2
iJWmpv0yGExNjOWBvmVbrQ,19
5765uP-Me330-rgrFAxlYg,28
Gi6Wq9DrTrNFjh2ZtTE59A,19
dxOaeBctWwRENfggJhOfIg,12
YvZG-SGe5Y73xD5FVEVoCg,15
qBQKyA2wdKT0Y30RfxrgTg,27
lDKbTlZqjIn2gn490gU2HQ,4
vNq4kmkJuvT4tXpBg7EtGw,2
DcO1H1tT83IP3ZRdejmixQ,31
u8FV5F9Bvw48uFsuatqLRw,2
z-R-_pNPK8FqHFSfC422SQ,28
HlsHWMFPBOAJrpI9IpAtFQ,30
DSMT63Vv_npUskoHkl0u8g,7
Df9GM8JABtWj2GQu3JnWIg,10
JtNuZiT0YK3hR0INxZEqLw,27
AFwdbeSX0CLsu_15shQxiw,29
HZ8T5hogUEmY86-zCVLwKg,16
FI87kNj8UDSSnmhwXsRnjQ,31
Q4GFW-qkm82VNAcRy1td6w,2
hL7P5o46JKPbDm9O6hw9Ng,27
CTbH0UcfuNKi4m4lUXi3dQ,9
ejcxR7LjD76kVjx3OzbYaw,16
N8y_dprNUB4LHpzPamEgzg,32
IqYC1qVJIF3-pJr3ErFgyw,4
87LhHHXbQYWr5wlo5W7_QQ,4
BkZNc6o--YKBVEGY5rJhuQ,5
3o09Ya5VcRVMN3b2szZvkQ,19
KdemV2dBCOuqjkn8SuY2hg,6
2hToNCbrazaW0igMeHfQlQ,11
wvNKd87boQjSZ7snbbR0nw,5
PeLGa5vUR8_mcsn-fn42Jg,3
CN9a32-dBf7NKqIYoz0EEg,19
iE0GBUZtdtNz0gFCdW9Mxg,15
6ZKo8onwfh3V8kVtAhf8Ew,29
4NpezaPomSyMAx_eb1DnHQ,15
gb9N7UKLAFklIDp1t-oyLg,0
DSth8pf2u8iNfWBxL3-7AA,29
Vh4tBtXzx5IOslryFJgBEg,3
QavNK5HDb4vuN5MTLlFzHQ,12
0X2X4j3i23fAYFedLmBaBQ,5
crNmVN-ZGPGG73BvJqc4eg,27
Ieg1z6bc94U_RfS-OGxQ_A,1
dbjE2GM2UzCiNFRj28TcTw,19
-nuCuuwUFciCSNh4GOERIw,24
GsuS3cIGDDvfkc1piJKkzw,8
uaqLOEgAa_Md0ehU7YcPXQ,13
3E-JS_IKVG8X_bRUYrv-JA,15
GjWLeO0_rR0mWL0PG3ia9g,2
ckoYvWD77zpWUCY5O_8SIQ,0
r365iah2e1Zm2ickWhHhCw,30
Vwwp4QxVhmP7uNJz4pdkDA,3
f_GX8LQUUxHbgCg1_yBkVw,6
eKbfca74fj6Juwi0-939cA,6
bfE51UhmgiidAz0Ys-R_JA,2
sjne-PnBxr8ttDYxz1-N_w,6
fuASGZGRthAMgwRzJbk1Fg,3
C38s_cjoSH0wwJ6eXcsxrA,7
2DKHD7y6rs84_FxO0hbLHw,11
F9HAht2loOZYmIqNWknOEQ,12
TR32UbZL8N1M0ZTR9Qo7pA,20
4ZQq0ozRs-gXSz1z55iIDw,4
0Qb1AYy5G7P4cSDg-0lmAw,10
1V1egWxi2w0itj6jNQi5DQ,3
jfpmTTJ7OOhGOMnjYFOyEQ,1
cnKFnPWCvZbgCORyDqR_Zg,5
xZ6lu6MX4mawr1GvZjCbrg,10
iyuo4SJ_wMZ7rcbJzexCVQ,28
D7tzPFlGFndEBA7UHgHiyQ,16
LQBBF7ZLAG7W_JPd8N9vVA,7
b3wtQXRi7w33sAyIo5VVrg,10
g7xs-9lRk6kc3ZMWJPDiLA,1
X0YpEIL1aURFnlk5HNb59A,9
21rXr7qszxwXr5Cc4e_aRA,31
HBDFWgkuZ_xyvpqJg-8tJA,2
4Dr8vSBGE6n8bUEakHuFLw,31
O_Sqnswf23o_vfZYjnhqPQ,8
cesJam7tnkUIFj8aqZGROA,29
JA9yh4lWZsgAXkeeVPh32g,15
H9XfPipJ5hTgee7cQNyS_Q,1
ySYYyTj0UWOs8P0jicOvsA,2
gQABV0U5_wADiXZMcEyYKQ,19
nIfKaksnpbLHYq_jISnCAQ,9
NmSRFTgSmT14tJTUPPn8_w,3
XMuStQcFB4iMjOiB7uCKtA,16
STPr25hma-c-P6GpWH61MQ,27
6cz67_MpmWJqvqeUKhcSkw,14
_kgC4cRgSv8d60oljIrrQg,27
jKK7qHK3V8wGuI9k8UETxg,16
lf7oEhVwXGOTzrq4EmrKfg,6
s5XSG0Z8Trl1x--vJKRhng,2
FnS3DBHi2oCV1hJugf6XUA,9
I_lDg21pgG6d0yzvMe7Kkg,16
X0G-PSCNkRg-O59nm7kG6g,29
Ll6x5vtSG-hLs38qLX6IbQ,16
JYY7EE_eFifZDK5hIHRZAg,24
v3XtV5Y2_OGFitD5vEZY8w,4
73Ze4XoO5xurQFw2SR3qGw,0
NIrMaweeKcceWE1e6ALc6Q,19
2fANaYQS-1MPef2yNFpzSA,21
cQjFUZ3wHW5MEajjiOw8zw,1
Ye-LrOk3iTQprYmwuhjU5Q,8
vSzatBxdWyKqz2GLT8i5Fw,16
PwD8-Jru5QRozaxcnc3SlQ,24
Z0C_AdA4vJwzrg1Fe4yddg,1
qibwEiFZUB8IVxyyrpGeUQ,23
N786yykDvvJCyzl1poo8Yg,2
p4_YFEEDqSIb23Ow88TTtw,0
l--K3xQWVqs93iFhAoEYag,8
ZOtHCHZ3-NUWiubmkUgq3g,27
Yd4mmikbpSz6t7XYFYOesQ,27
fFepPcjeTGdfUIy6cUO5kQ,6
dusl6MaLSfYbE83_iVO2KQ,2
rOJdp_yUXfM6cVv7OtToaQ,2
QgMh5MxUzOUMz6hHiuzxtw,9
n6qCTVCcIdE4mGqt5_VpYA,2
x37OyP--VEFE5p-xreplYA,0
ecWjRVsAJdR62jQ_4jeFjg,32
of0pZ5ncdFRZ53Wn1-x4gg,2
RGSqrncTrggA5LfQ94agcg,23
D2icwwG_qgGsM8sW9-IsBw,29
G-l9ihg3sRAiGTuZLDmJTQ,10
_9PiMjUmawzNLpi8Tqkx7g,1
wuuwsRZNqjo8UF8b8T63pg,27
6AhfWW69c7_bfIFeHeqPng,2
yR8-A4646jdmtkFqxETANQ,12
SbYArLgtYHuorIMZrHxnOw,1
CluQuGGXBW1VLVkflhUYpg,2
EJRjdQpALqV0WfuFMfNSBQ,4
NmD6vMqNJvut57VnT4VmZw,25
kfkE6q2Jeh3FTSV7BHKhKw,21
yfn0_Hwre2fFgXimJzWbSg,30
4wqKW7A9-7TfEzGClFT3_g,4
XiFzYeOUdkL1HxVFlPsHSA,4
OL57HERnSVAfIHhKvPiGUA,29
KuknKQ1KnxCGhqC4cEAviQ,30
41X-IAZlEjXoDugE83D0QA,14
HJfuzbFTwREQJ13sUUzHWA,5
D0BWZyL3nSdhXT3v2Ar9HQ,6
bnmpjE2MjsbgQx6EimNhUw,16
q9b7V6VW-STmUd8sk9XLSw,9
1bDjt28veqHMfWZhKnC5vw,28
_pc0ap6o2UbIO_tv2_MXuQ,6
9EAmwA3PMHMaxdGRklz6yA,9
YCZinrPHk4Hm6WgighoS3w,3
M843QFDhuetsnVq1ugj-gg,27
P_9Gt95iPg4sF0fbBw6ZAg,4
SW5W5fIy6w5kRxNLmphwIQ,16
vhMMA4vymXwtoTbIrD1g6A,27
7igTVTgqI3WiqZp8hrgaMA,31
PcYuPG4dqxnv5LApX-khKQ,3
-XtWgNfuKeUDetM67dqd2w,4
YAEQUt6Dn1tazsG7sRN8qA,21
aA10OU3gnWuay5igEbOtUQ,1
FD3Jen4tHzIPJfoAgr5Y6A,7
b1SdtNR12vTmPd2_wBAfDQ,7
BFaQvJf3Om6rON2I9tCOQw,4
2vse51Qyrisi51nIRFQ8SQ,4
MWYl9q3STtTIfFjKN0ZNFg,29
s7BOgGZfWtVzOuGk2LIH_g,23
PxsBl6C00AHIRM46ATnmvw,6
iubWB0-vNBWR3E_ZPeKPjA,29
9OUmCtXtABvtltr7jHbDqw,25
-7GAQ7ZeBF7zeTc3-XSSbw,21
v13saN8sJRVnK84B-lWSlA,18
8EA9TxLG_l7uLmKOhDJWZA,5
unSW0RMrcA7nadiSIGglWg,8
215BT5quQYvLAtM8ttahSA,29
hErvtAx8u4pqgrkH2n-Rug,12
IaxdS6sVFDDn_FoyIWnGcQ,12
YkuNFPeo4wPqex-QklGeDA,2
gWMJv0iz10U7UeGOJQK1Yg,27
HuUh2dYnjPOHpxzGtvg99g,9
-kkq4fbhtnbnYAPpxpnvHg,28
Oh_BbUxUw7ptct5KChKpFw,2
WeQ6SD3SsDAy9gQPchngww,3
czkWGLds54PzKtXTZUrMpA,22
jVqPa5LDS0p11sRjrHp3gA,5
wlvyqW9J2ivNj-9lW0pkUw,8
ayzzBwb2hXB0UGNsWCaqUw,15
50u7rHgNraERemRrJNUyhw,12
NAwzaYS1MKMiJkuZ_uE_KA,32
prnRKWN96XvVai1DH10low,10
ZsFnQtx28-S2EfLERfnDEA,32
qVUYSkf-9edGsprDTpBgeA,26
3vxQ1iM81eI96P7sv3F_LQ,1
vzsJR_zkL393SKXyodpW4g,13
6D7cwL8O-Quv3rZ9TBlZAQ,24
t3rLScET503Jv54HDiBC5w,14
btxTINxSX4x0dGFJyL3Lcw,27
9gB8wN_M3Dfl3ACGHY4N1Q,32
7afnPSpKDjnZk3p-4ftHOg,32
J6fVbxinLrOx1kZVcUJsdQ,27
NtjOnb5U_Cil-1C-vuqBrQ,6
rtNeSfIpF3U20n8kaDFM_Q,29
QEBS_iXJeUvZEP-tvoGAkg,31
u-dvKlwjk474RVboFa4H1g,22
EFaH2nEaD75Ow2YSwyPi6g,19
t1yeyK0oF2KSLKgnGrnqDA,2
uRiLUgHzpNTQxGTq_wCduA,2
kmQXXgLpR7a1TeNM7Zfj8Q,0
BUboyFgKwcslgk-gFIVVVA,4
bdtRGdhWaZJpQfkcthTZGQ,7
AgmVElgltrsIonJJaHjwdQ,4
CNcsi3EsDsrrQdEAKUnHnA,27
N_ckUaJcYXjRVCa3NKNNqA,26
YX32uIyzBZYSIKXQFkD2vQ,14
yifxYxUwy5WdmXEubv3j0w,9
nNTTgsS0Pi5K1UT3_segCw,31
HMrzBIN4QGk1udp4i6oaFg,7
voYIq2C9eAAeoQZaSyYQ8Q,8
arDRUFHu1Dg_3nEHsk2Hiw,9
spgWhbGLq8le4-eatY5EQQ,5
Bbi7Qv5XSb4uVEGqlLTRlQ,2
YwOuvADNuZFiUkDYXkdwrg,5
088SkMN7Hjn2vK2MEUfc3Q,1
7YK3CfkRx95KDs0LumGCpQ,4
DrmwkWvdvdarLO5rPMN77w,3
z6-dSiZV6-nhofFbPQ-jZw,18
neIih87ohH1sf1WzUrpfzw,11
PutMYRE0vSv3vDQ2LnURqA,3
f4HAcJnKZgw5WiEJBi4Ang,16
1XIJFW1tkGG3dAbwAzR_uw,7
vCT_CLwBDXVtUv_VhMhRSg,0
AYA71IY57TS0EOAJ1qu5Hw,14
pK_P-OAU8aqz29yFreKeow,25
nzwRU-9XKAssINnUmkWCpQ,7
I1M1SQOA4XggfO1T1OdiOA,5
y-Px0wQFLYMvMVQeHzWOSw,3
KQMUHzxrTbhNChz3_tR4IQ,9
MJLV3WfXk47YQggO4FDFmg,18
mLHgb6eufSegCbLkqPS-EQ,20
PC1ueOwcWGmsxdm_ei6qIg,4
ZOx0CxL22g5TRvo5wieDBw,28
VvoRA1KLjWs7pUq_mXvHpw,15
eNBg_icnijuzEiU5IodETg,16
H8KxkgtsiVXiZG3dvEzIhg,28
W6wQzbT0zlK_UfvP3z7WWw,31
m6OFEBa88OauB9OL2nrSrg,17
So9tAKkk2PRT2EiaqHklRQ,13
AVfwXXqM9KOi_rZ_ALxxoQ,19
x7BBgecKfgmcQ5gNnoqBDw,16
ai_p6kuvXkjM9fUKDXakmA,23
ncvgNeEsAIAuMWYFN2blhg,5
BHzUHvI1f85Z6urstaZvJQ,29
axKbh6K9kBFbysfFTgDZEQ,15
hPstxXsoJhVo9UBNwD-wWQ,5
BPc47E-_bOsjWzb1UCJn2w,29
36GTPKvMzPGiinmA5F8qZQ,19
WTLPH3jIWOUTFMpD4o_7Vg,29
Bmfo84L4-ExHDQpn-ZNmvQ,5
ZK9ScT77kVjrTzizIp_n2A,9
vSa7pjakyraFMbWdI-QYXA,9
Wba5nEBT5XEyqHr7emztDQ,24
rqK7wj4EAkszHmlkuDoMXw,1
ENb16edvd98GWsKzKFAodw,2
H-vHIZ1S7on2uYfA3kwJzw,27
70owtRdRpBTJ9cRKDohg8A,24
dERqNns28juQhMBTNPgqWA,1
pWy-bJzxzcJhSiscGrAlpw,6
a0tB5RUV7VjYRgtAtG0VfQ,2
sHfY5a4-HPa9dhSSBvQK6Q,1
9ZoC0ctGe7UuF6DtPM7DBA,1
jh-9K9Z8QSzIJzB8_afPQQ,4
Qs0YKRT9FPfeZTNd5CWtqA,2
XgnNBIqm98_2sP0tuHQ89w,9
_kLLqUI5J4b0NOlUMcMd7Q,5
Q8aB9Wi0F9iEFi42P9xw7w,14
2aIiITPsspDua-3f-34GoQ,10
mkHqtJ4ctr7kGfc1G_UiAw,19
lS397Pwu9V881WpfFOhrIw,27
gMuoaaZZ2BsBiXuVCHh5zg,29
7f7tdBeMY7LXXaJ7JivKKg,5
DkB4jRSsRJ3AHPJhldja_A,9
pUJCF9ebJ2weHmCM4cR32g,18
US72XuETHCnMS0lItZGzMA,28
JyHbIOjoTuL66upvRPadCw,27
qX6bkb4EQ5tuTeI_MWMsrw,15
496e9_P-xJnHbR3gEADaVQ,3
AjqKVFrijqTUuxuYX_RTJQ,3
5Xilnsae0t_00ZkBgRKV3A,24
Myy-tV1aKksxkQ2R7QUkAQ,3
nxUz7xh7nA7UgBJU6MBbgw,5
QJpymN4GQPaOz5s8knpPDg,30
RNlmqwJXhzm24lD_HrpJjg,11
YaO6sxhEZPjb-9yVzAqsVw,16
5yoEDaNrGwbuF9z-FZ8lKg,28
UeJ98sMQWrl5cJJqSeOsNA,3
yCpE2Mf8RKdKjkhNxL7MVQ,3
PNa2-EjHe_ApIgZXD6kxBg,4
jRZQ1vHicyrB9xOnd3L5Xg,9
pFBeUN4O6mgChLfYI9oIPQ,19
rWnpjkT9j8C-YiJYXBFvQQ,3
E--Vjc_mK8vVZsQVkTs5Zg,5
Oyug_oDyOwECvzWH1x3X0A,17
gONGjnJTjcI0qnQxNv-CnQ,9
HhebWkkTU7bh1AOTD8a3uw,29
A_OETe5Xr26FTNRPkRQ4zw,13
e7CcnU1sjv1BuBfbbGDZSQ,31
j3DtoY0sPpfPEB8wiMV2VA,1
7dD88hUPbRgR3TtM3WBLBw,31
2tQ9e-IiWq0UDNuClsKVYA,1
WcvoWjhoGQEwslVY9CSl_g,3
nka9G7xBjdoHWFWLkOvj5Q,21
wTz27T2RYx1mnu9O9i-YcQ,8
yYv_yJkvxhefTgKXpZl1Ew,6
wK-pAjFsAoYzD1U-7joYsg,32
Sf47NNIGrmxmaAevLifDRg,10
T6E9RTTtAYCy8bb9ThJLog,14
c9_c8jhTTtngGXAp5s2kHw,9
WuABRfR548CDgsplf1zdyQ,19
G_ewrDXcU0hXovihr2G5og,25
n2CyJunBUtxugCBfCaXxgg,32
zcoRNqSszATJB1j2DrAbZg,0
a6Mp8OCNA8IubxHUxILhwg,24
T1Roa_rMKSB8k9OuoKRw7w,9
BnBQ0UU9uSiI_0cbCZ4lsw,14
AkLL-djXn-jV80Cs0BpcDg,2
1cR5HT2fdK-04f30JzUg9Q,8
MlwTzRnaVw-I6S_V36jLJA,9
nWaIQ2NALlncIuhoUDDC3A,1
14XxweJWj4G0nrIU9HcHsA,0
Yw63cNZu5XtjLpscHiDTIA,16
xQdYCR5RMYPRDOu8kGlOyw,3
Yv1r0u5zD8VYxNWc9Y4uJg,2
5TZ6-kHkTFD_TVih3934sQ,28
LMQpCCxK6ramd5TXT8zs1w,25
0I99ibr1vy7yiHIUdo3Zyw,3
drFe_mHMtLnzaqP09IKAnA,6
8KfQL4BEaYm0TYRozIBbIw,27
UQuYCNPPPgVHdSoWKEBWcg,16
Kq8ffh-Lp1n9Bul28pOK6w,2
A6Xf3Sh4XLFDapSTd1nGRA,18
pDk02JDzSnelUnWNcUZYWA,22
j14WgRoU_-2ZE1aw1dXrJg,12
gGNxhc_GuEAAIAKr2hMrBw,0
YCOye4BSRZ4UQ-4MnRnTkg,23
iooLzkDjldXS0pZUDzpqmQ,5
KN4qgGEdFivz-VolxFtAAQ,16
ws1WuNuaaJ6BFHuhiRKapA,6
Aciq1ddPC6jeQHLB0vZKVA,0
AmMZnfVaYtfLDz9uXJqq2A,8
pWlelwBYGwvzISHzauw6-A,8
8Ni1MmORWyvW0lJHJiqiQg,5
HqZVWvzk2ZSPWF4WjVn1oA,6
JZ2S_2_NHjmkYs10XTtAVQ,8
5cZrJjcge1UHLIAuLOgllA,8
E4XP9MNpL-9jIcvV8DfaYA,8
0xD3Cnhgxs9v430B7B5IPA,8
tdBi_A1RXshwi9Mwjo3xKw,28
NOss-Yte7nmSN4BnJpLWDw,1
wnBbGVoTr53rGlMrJ1uo_Q,17
DyhSIoGL1O_g68AW9As-Lg,6
roOgJMWrfQxUE_KQkFF5yA,5
ISNbZn_lBKP7w1aGGaVyvw,3
_kcxLRG7L1O16iFwKa4-ww,2
7CRNqwEm3pcOctxzPc2yuw,3
JGHpOef9aP6rhgttrn9U9w,19
RJUhPoPstdiv9wDELctBIw,9
ZjshOvNP6_YRJ_bIQ_MM_g,5
7bxg6nJ2DPc0xA20CLhjhQ,2
tC4yu9ngVanw5pRqb6ZY1g,25
ttZSRwCZiFMXwUO2Vr9pBg,0
72NCxJMbcjbkSgGDFbd1aA,11
uB3uCh8uelmuQuYpkaa-fQ,4
SialKOGFJ4eKt_uN3TTjyQ,4
EkVRQ09L7fR07jqqEaHCjQ,9
8t82ygiPuH1ZPMxrJR7Nbw,9
dXu3M7ltDRbpuC8uq-Zx1g,27
yR731OlfuI4585U4_HhHlg,1
VdbzaEPgVXpddqs7HBH5OA,16
8IctHxSUcXQ2psoR6NXICg,30
JD3_52OEl_PPaokW_8lFrg,0
FjF7ioiUM9QtRG3Mh6UW_g,7
V9YoZqYG4cmmoWNzHTziqg,1
8l9H7m1q7CjSd6SgaKDoGQ,15
NtBOSlTOtYylMonbn7g1gQ,12
fK1225GD_AstFYvcSsJnLQ,22
Zx9TdTd4T0SMEyRy_AbQbg,1
rvoZTSSRmvjZUi5BPnbu5A,14
XghOzJn16M-nvaKMOdC5og,3
IC20CJi3IypifFZQkR2RSQ,19
1Pdh4NsxezKs6a4aaIaRog,14
QiTswK0qYfWh3MCGngbjoQ,2
Kr6FsyojizNc-tz9X--kyQ,12
9mSZbn9DHZNdEo8yEYaCdw,17
bILpGyZ2oN2YPYcKNhnbMg,0
Tv0nXlxIm601ukBs_h__Cw,8
TKJfvjNNJxQztGZQ14CVJg,31
jO11KVKrBOD4sXJSktMzmA,10
TWqf1_xAIaYzh-OtrbQ6rw,30
cHHajlACfI3MTHIXAULSWQ,9
0tBzcko80tAXEnrD9HaYeQ,7
rYHtNuYdKWunHUZaEpzj-g,4
o249Gajop9PnjeUVY8ZgQw,20
s4ZBo61opXvhHQ_gZ2gPAA,25
fVnuxEo3Xyadg9ggPV44hA,6
Pjk0cNsCF8i7ssrzuc0G5g,2
sJPUbVz2q8e78SscnSMABQ,5
9xrSX4sMwLxgpuKEbnBkGw,29
GuWfv0K7-mukQmgeVSrwag,24
HRRLdLHio8XNrFjozrToNA,3
QeZJuvqRtH_Oi8IfIddURQ,6
RK6M4d6gjU3J3U_PqnFtYg,1
zTpJRPwqK9RUas0-Ok7Y-Q,6
F3YojPK_1ZbRl6FLmmVFZQ,23
erBDslOZXDI48j5QB_I_SA,31
w-g9TbR1kboHjUwYJ6tsWw,24
86WoaLpEDwWXZmwOWH-Yow,28
QjII_vLCgsg-Nwe7KbMLGA,20
Zn4-DN2W6Mlgh2lC2rvNJw,10
dz7izpJ1dOlaOKbsqF6j2w,3
pCpZ6KF0vCOF3fyj9W8iMg,2
GyHFLd-h013ZKIF8yxWD3A,25
DweWw5sPye68eJ4yXyKIBQ,23
0yX6wAoBhZj7MJlai1NsZg,27
pdOj4mWNF5bJkqbo56bVxA,27
y1IdN__ansYcesQ6mzFurA,0
w4eQ3Xypnwulr7ncSoqbnA,5
HlR3ogRzLJX7_th4fPy82w,19
6mC-FVNKrlMOwPQ91wEHSg,9
rrgj9wn15T7Nl9f2TqFOQA,9
ZMCa05zgGmJ8tXVQ79355w,11
fpU2GkfS8SKrcjji8tpwvA,9
Wykn0J9zQw9EuNb661-sKw,20
a8IC58_tPaUperM6Dj7F2w,24
42zcBRjVk7uROvbxHGMyoQ,28
0PcgmRf0HkG4QuuDCyj8bw,1
tnbnemqyQu-NfNwS5sbiZg,31
GUAmLeYDDCXQcK3wyVYUvw,9
_0r-2JvUk279ugyz-Dj7Hw,3
Y4auwQzKeQqzoZy7y0HA1w,24
H9yQR1XPpkQ6eIhBMFNxOQ,16
RHAPKdSaO9B5wY7wDvhaYg,27
J-1S-a2EUaJb1SlDrQZ_nw,0
l-ECea3knk6W_euS6-dSag,3
QIm76jLX4xP4p9ijbIyI_A,26
TI5gXhQZIJkqeuQsPqcEwQ,1
1i51PgaemTVc9sP7pFObrQ,31
KT2EgE1Nv_-Ms8olYxEuFw,4
bKvfGs6aYkeP_1IJBjvnlQ,2
rXDDkSXbqjOYKSnxyi2nzA,13
Pv_ej8xzMvBijfd96gQ18A,0
sMp6NwrPyE8zjPLOdjuzqw,4
Am_G2m0pwVrEg9AoUp5tow,31
HaJKnj18m2wQGC2N_Jn8Fg,18
Goo5FtSrPr9wUVdpzOTBPw,5
aejDdiGdtpPO5BDsgF8COg,3
HxD34xK2Db4wXMgTTftBaQ,23
qRAa26gfUMsZ-xYWgnYWTw,29
MxWGNhLLoUq60flhGVgu5w,8
N6U7_npcBK6bu_0D-fsmsg,15
h_2NGTYvjOc38cjx90rM5Q,3
3AqcP4IMM-xbOdiuxbXesA,22
23kNsFuNPNaOGi4Wxn1t4g,5
aBA76hKuLWuNVTS-is7fGw,15
65SEHUlVAaRs-y82IJHcAg,3
3-Ua3PeuPy3xUwCbRh91gw,25
cgXzSVLuasUTFVrqPgzdAQ,28
QqKzZslCAGbG8OVxybgEgw,31
nmcgtHS3vTD94iQtHE6zvw,31
rPUMYYjjkt-EE7lsBTAx_A,16
HjcaDZ80ww5XeCDuA8cypQ,20
Re6Q9SaueozCT5gTM_YUuw,7
hME-y8rH5MUc-vpN2kZPKg,2
liymdX-2oYY7jy4py09Vog,5
2geIHUJl_wIGdQ-9HkW6ug,12
auYVEeFxcg6R4csEVYZHFQ,31
Zemr8otoe_xhutAI62rWqQ,8
y7me0F-9XnuCoqru3IZgHg,5
7yDZuB1zrtkfSvtdZcTndA,4
TE3QbpBjlgCFrgigCxZENQ,1
2K5h5MidnxLRJYp69z1Atg,12
bgaVlVaJVfK9nzNhNZ3I-A,9
srrhssAADQGch6mbVIa9Ig,29
8Uo5WgEnIdcWC_mLvNJbVA,27
QVAmRIrCxhYLqh7wl4Vlog,3
deFdViGm9GZqsAmaoX77YA,29
B1ejHR0kuuV2T9FCg4P5Lg,6
3HYqGc68c61i0_bYXG8xDQ,12
NmJdxBB81JduuoalTUjqNQ,29
vAfGYZonX15578DDDTQKoA,19
jLSqqXE0TMSxxjWPRqypwg,3
NkkB-2YYZZCOKfbcGoKngA,9
O5AuFjULgqeZmQJElA_b7A,15
ccvBBQRrGd_WDtYVSVoHiA,1
Pq5KVoJfVzpO92gU84xS6w,7
VDlgRucqqqoSc3UDglEaLA,30
2RnoPDtsyDNnC9B68RTGjA,3
FDuPxW2Lze292SHVaArJjQ,12
jFH220eocVMaH3laM9HFRg,9
EycK0w0a9rMdzhMiHwKPtQ,10
MmF5fDxnXP4ZPYM6f07klA,31
_XoDm9KBOz6qYDXhSZWCQA,21
wM7HTh-ixzNpZfTvFZmbuw,5
P64zv26KX11tc_ou97KbRw,14
C1AebaLdwqjOpZRaHKWKAw,3
7-bVIpZ1BV5viq6uaViVSw,20
VCq6lKJLaK-E93_L8vWtbg,31
oKHFAQPNGyUm5M684kAToQ,11
5hQtOAcIXYrpSo34WGGsfQ,19
X2UQ1aGch3z6IRstPfSZ-A,7
FUMc5wfHB2NtbmMRodxS5g,10
DBYc9BYJz5vpvzUNl_hqMQ,10
wydu6dLoZR3wDM2DuuxntQ,8
IjdSBjNcbWipU_wriOrmuQ,21
r-y1aeldpB-wuNgF9QMi1A,7
OvUjwptUYGa-33tYSiPwrQ,9
4bdffuUiz7XRYcqbDO11fQ,5
fK2_XE58_017UeHibWbAdw,27
MahkS05n-CUhiuQP_VL1Rw,29
77dqNHQB-XujnDs35RlKqw,3
S-4UtAD5o-GL7oeVgsqY5Q,7
OyHdZXPi9Y3Is0ojpwQcww,4
D8SQT0E-Sj8OXjySqGk36g,23
4IZUE6ojBjC0reTOed3FGw,4
d_4PeStnVSfoesOZhzJDgg,25
qgbRvkZ8tUiAtNAM34YBzg,8
3MlUyn1xwksZlJi1J2go_Q,2
rjXauVeovvZR7ro0NSI2kw,1
PBgdII7CDaERA3g_Ke0t-g,17
LcG51U2JY4eFKKu8z2vDTA,10
7TzaayvCUINjpikTUuNI1w,5
1RgfWUXGBIVy444cgcQfqA,9
dvFGnnfiOvgz50HkF0l5Mw,30
6YyDYebb56vXUImKO5Ndzg,2
-iOBqpQIlYE8CwjMke6opw,10
UjAHXZHm9dJzbzK-h870Hg,29
3qONc7RtP4aXvcOSKDnszQ,29
XawGvXDbCzjPrkZKgqGgJQ,5
Bsbumyr3Of8BauN2URK4bg,0
5D0XbEh3Em7os40vxzL-OQ,4
DCkdxv7ixqvj85RjY6Lsrw,3
mSIl_tZnZK2GNi7_0UhJTA,24
-Ty7mzu-bxd4NmEprFXHEA,31
8lFJF2FQamOmikGDfo4s8A,19
VSYGfJxXx5YszwA_fF2I6g,5
KpbdURoSyf1kvxsk24PIKw,4
uEEBCffmgmayOuqrdiMiSQ,25
k3Y_MPpT3o10TZkZeDZ5Zw,28
LWSQXgGIvgnRXXJyNnWfOw,14
cmeHwFU9cpJuD3zmdS7YlA,30
wsQSga6YtbBWpCDJ9_0wew,23
jg94Va9ggC-KDCbYJNxwJw,5
AynBiAAGf3QYQ8w5cVHU8w,24
-yAmHoP4Z-fGv88OnXu-5g,28
jsT60G6Jqtj30vGkGercvQ,1
cYmnlaF3nzjEFSR_6iM3uw,24
l-oUhunGD1BTcHbNdQkpbw,1
JbTMl8vKiMx1fv68EVxn2g,21
6SdBUSUTdXOvQD5wyKh-ng,25
8a18TkOY_hgGKahxzZFiXA,29
v-MLZUPrJ0HlQU8OXtFi3A,7
8oLeIGKpb47mxXAXU-gBDQ,0
Ih1jQFyAA-he-y38cMfbMA,9
c4_JCsqCNgwTlzwTK5RF5w,19
nlne68J0C9c45PnEbOH1kQ,6
e39-PzAxJ1m_Q18HCx21JQ,12
lMvk14pzMnXFPV2qWDHOyA,27
VfNOOivYZFImYpUCsDMJ8Q,24
23ogK7gBspFESVSxFP1iIw,24
JSr7dvMoRu_GN3Gy3crB6Q,1
oBOTde_uEobbnUcgU9wfDg,9
FAafA5J17CAsqJnaXsBxfA,16
Tzql1xnrk8BLS3-h7-eYTQ,14
j3DhG4pSvQ1ILqIZmCah_Q,24
ibTTlB02BOUEvjaoSmfK5A,14
fJ_26zYP9-Yak5wlr2DiIQ,3
W_amVa-LwBSq7h2ETZu-nw,29
nVueDP4nVOLWKHr7u9EQtw,4
ZmxCFks6CFSMa71pJBYwFA,32
dx_dAXBOxQKTa5jT2JnXAg,29
yS_uk48n4-KGMIWezNCPBQ,2
fcBZcZmZzVjEvjllalgILg,5
UVgYBMPiuDCj-921RD3CfA,9
tn8yLEyfmnNkcoTPDjZ7QA,30
Bp3rdLRtxWwX6B3jeKmsEw,15
eG1WSELTeUuxj4K7LqjA2Q,12
k6um8mmU2ijpTSB-MugERQ,0
80xqf5amsihhUkr507rvcA,4
33GFhKzjjq5QetxF6sY4Mw,18
8M2p4BILveLl6A_c3DI1TA,12
ZXOxl4oyBa4JTN3hPbnYyw,2
-arglvek5r78Z9blCaJgXw,24
nFSMX6I1UXNjc1g_1f5-hA,0
gBKJW5eKb1QAkMC-R0qgMg,2
rwe2eVIw0ZVLTEL5me9AgQ,6
WYakxy-1VlIFy99Nw8r-xg,19
mQAFzRcOv8tsruXOBkGYtg,16
lzGG_L_Ttm_49jwlPEj7hQ,7
Cq8O2GbNdN0FY-3XV2FNsA,3
Lj2sBC4piDnCodzy05nChA,18
j2U3vqFITOGULdxhZW-5uw,12
UXQHptzCvrsshp7TaCowfA,4
6rSBF0ynEWtnrYYdbjJ2JA,26
L_4G2fH_u1tTCsgFH8p42Q,12
B0JsKUY__ibLYCNWvJT0-Q,1
xNwBuggB9ttW-Omov77vMQ,19
Ty3BjPmTfwkvk2BVjcW8dw,29
fttDlAkbcGjTbuGvLXndIQ,8
9jHN3s63oNt0G53EIg3ENA,24
U5dWYklsu7fmvmWbJXBZxA,1
oleNaBXCsZwJdxCMYTRjgg,16
CCaQxW7i9Xn6fa-XZdhn3g,2
W7JAZLV_aOKy20GrWpA01w,7
VVyjFrfsYt1i9o3QkhIdGg,6
tiuPoF_C2WboE-TYCE_gIg,2
SrSr-KYsO2_QxxQlTYQVig,3
nF2vCwwkNu6dhi4bCmQ90g,2
sHMkTBrCnngFgBXR_ygFJQ,7
Gcw2lDd3Vom0XrBBZ9VSnQ,26
FJUroPHk4l4ndzL7MHIx4Q,9
0911xXCgLexupPGkDJusLQ,8
F82KQtg3uJDnUuyJb41ftA,24
FJ-fq73K-gCLDyP_Jh4ZOA,0
nphSe9bPu0uapAGA_KC8ow,1
R-de4En7awhk4srgofe8Ag,27
JeKLPTCWKuszbWWElpRp_Q,28
zZuHsqWn8Yv_yw16pJtoRw,3
fDSFrpf8949UJVNbG3rGgQ,6
43zyz08tPXuHkhxMavXG0A,3
YjYT7fR7XJWmPytec121wA,29
J9c0XM-wV_KQmtZYxvIFFQ,3
XlDO5NzSbqZM4uC2flwAvQ,1
IMD57wrCtAPbvBSAlI2nkA,5
75F5X2UH3imcfrgFR-9toA,24
raDo9aU7CBIB36imNY5MRQ,28
m7p6qU_4upX-zMLEJqDPAw,18
AFy6sjimMH7XM2tHo4u2mw,21
uTGYbsb6pXoo7fhDCuuLwQ,26
ilL8_83yYoheJpFtwh6D1g,29
pgxbiGCqgNV878Sd_v7XBw,3
o01RjNW9hS51PNwqVveL0Q,5
aDdFYwYGREKcKzM2iqVDug,3
Nwm2QkK_tcypFmsYq9fIsw,9
5O3gstsKw68g3xT7LM-1kw,6
rCsRmePT0JcI0-1ssVbTAQ,12
GQbcl2q5r_mWr8f-XeMgbg,25
oDo9o0oxE3_4U5Q8sPNAmA,6
TwXBr4QlF9nADrnA5eWbPg,19
-R-OaiNEs-Ta5tAv3CTcZg,2
iDmBw_XooMFjyHP_pgZDpQ,27
m_VBCsmFOgmDGi-A62Gavg,1
JhKUrGD8bSPpQjEI09YzEg,6
3mhdWROwjuXm5RlH-VuwHg,4
NZRWlKoopUUmv2AtA_6kJQ,0
1_sE3Kz8mQ-rxbE_0UFQzQ,2
XEMIP3q5MbFv6hw3UZnW6A,4
ql8cjUqJEn7aUb26Gq49bg,9
1jiDqyQJtgz0ad1z1UFZqQ,1
ZvlJXBiAOYObQGPJuGRibQ,29
-k4CWa7y9ezQigr2GPwHAg,24
udevN-OBJnESlQmKYxZnYg,5
lGBvmBDeIooqcrMwp1a1yg,19
OTmnELYqRkd1lgd287rwFQ,2
c9-jEIfBnLa4iNHxVmXAHA,3
1qrwuVnu7pyN6aboNpDnAw,4
jZaW5XEiEuZo_JhpxMBDSQ,29
8R16InoIf-JheYnh9EOR7w,5
ujgG2pRUBlDTx8AmrJCwTg,1
iXwR9aF4Z_lKZWYhCZMTMQ,6
ig0NAzZ9J_6cF0gChtvJuA,29
tvuPIicWJ8gn1pFvONL30w,19
U6GAAJGA7VDFuEaxKs6PFw,9
by2k9-QcUwRVIvVOeLU2lg,30
e5YTRXKFOdjYpUqpM7NotA,5
Sn8LMeJqS0ygo6duPzzjNw,14
b_TvQ9Dcy4eKMBIqQ52bqw,8
H-Mcf9_7DtYQZL9R83dGKA,3
u5rphGxp3_EHUW02c-5Ddg,14
ITm-rar4sZ91ZYPLSGIt8w,16
UArmrPaSx2j--P_lwYU0IQ,4
HwH6ZWVXe0VeXWReQW_UMQ,8
EHZORcSftYWX8APT4In3QA,4
uyonQ3HeDNgqql7kodELOw,6
tIqF3V55fI98fpipVQcYhQ,27
ZoZ9tljwvMi6GHRCKrJNDw,10
jKCHaryg3D2Smpz-pZEXJA,16
8fCFkeMHYsDpfS7-S8BVwQ,31
hDvF6O6wVSvfj9e20ElHbA,29
Q0OG-BQwOVeD1PaGEKuJPw,1
igkXJ6Jlm87CQaG2J4oevA,12
tVjZsrpIldh3P-1tHECaug,31
vuWJPQdc0Gy1KxOR2nVQKQ,3
qaODlVgRANA2srlH1XPUeg,12
eXaOlgQkKoWHPjZ9R_6WMQ,28
Iz8EB6wU7guig5UvEV82YQ,4
b7Dhan2xgyMTkO-Y_qWslA,25
icXaNPayF7WpgXMJkeGzVw,5
ibfw2LUjalN25aZYDY6EuQ,1
nGVecRWtFersLDLEGlrmhg,27
96NabxRyz86Q3IHwOPCQag,15
5W6Vqa03AyAurgiaDwTVfA,14
WiNGocx8elQVb_3RYQmoZg,0
EIiiHZjZl9r7B5amlmyPAQ,4
s2jkj3jh7GM4CkSCsslJ6w,5
EvPlt7-39UYfzSfKMbn4dw,4
eIdudJoSkqBKQVFfoul_zg,24
x2NmmmuqMiYvKXpGoNgrBQ,21
SClP6aLQDlCR_-3a7Oxc5w,6
M6FKYyKN1rhiBSoZHMP3SA,1
oDh8bZ80aHRoblTvpRo2yg,24
h2LtQ1s5X20d0yrdqUMJ0Q,27
B5RcWUztezeNkW-_ujqViQ,27
ATvvQLVpBPDl5bBMb7rgdg,6
z5HXbl8oiPAwp4vKhMqArg,28
t-xz0UANgS2l_xXYa7J8qw,1
FBNa0aMGAZzZZ6twq7YA-w,3
s_-40Dnvo6rquGAPMrVcfQ,9
RPfMSKrcnOrlPACir5v-5g,6
jUZNDXcWki4t__UsoQ1JTQ,9
jm2VeAGiw4re3pUkeZ7M6A,24
AsQBBCO4IKi7tr6s0V9Taw,28
93FPg4ebUkKsIzKbfeOrDQ,6
n-r14HfcTMDBQHxnsljqmQ,16
HRxzegF0x3UHPhw-NxFADg,28
-5_tnqzWac9UlOH3sy5MmA,17
954YMbgTVnCYDv7PAcc5Mg,8
IkeykJNgpk2utApyZd1jgQ,6
dDYGFZaO-DUYypTEwEdgWg,16
BIyAdT2mJnVYyfyn3czdIQ,2
-KpEgEen1tj-jdjIS7uVOw,3
AYQGK2AZkIPkrqgAb72Qkg,4
Hc-FtrSWPjiSEZ4fu-0jUQ,6
wnX46cXMCoQLS0VLoPUuVg,9
jXSPbnWY4XQyLSSYMB-oMw,4
WRresuEcpBq7TtTE4ejBDw,10
3oJOn4YedYE4ZqUoAzO9rA,19
F2BWFCujn3z0XmdTIibL0Q,2
GEmewVzppsHjEZ3kUBLJAA,31
ucipVVr8qyyq04cx-z5RIg,25
0tdiczseTKhY1b7hAKuDUw,15
9l5-zvrwAI4aGsa3HHy2TQ,23
Rrlna3Gtguu5EeU-nhFToA,0
H0uhBVqMajZcL_uREKKcrw,14
vvATKViG8ssaO2voVZCNpQ,15
0JOY3EZh_BfD_n3MvqWAEA,2
eVjJrQoxL052oGhrFQ5QFw,3
WZYklXrjnvBLgZOX_MkbwQ,10
MBAznGKf3LAPW2hhBLTUFA,7
EiwxlbR8fb68lMgEXhcWKA,3
wsOx40lZIyQoIHuUFuUPNQ,5
ZD84600Tw1WqeKpVuNiKzg,5
EnmU1fSi11zSHlN63x_wVA,31
TOY99cM9uobKGy61qI9gHw,1
0PkCxX5PeubHdkOLnvSVaA,9
cHVfkm_h_vKt-ZIWMYQcrg,24
Q2Iest8oggBub6nVBFEcNw,3
3objr4rUjUhUDo9NJj4qiA,9
m8r93MKIljjtmktJaI1JAA,3
RcuMvI3BGG5SuzK8pH916A,4
HBEQVOjmfQa2hxUtcgGOsA,5
-m4p0uSwu1gG-BMTR2_yhw,2
iHNq8M86gTpfT54tqWRGCQ,4
0kUI7LAvbx6V8oDz2vgn-g,9
JiUmz7l4rNz4-YmOj13i9g,2
